idx	op	target	reach	exclusive	linear	branches	disp_while	disp_union	callees
0	OP_MOVE	0x8001d3ec	15	5	5	0	3	202	
1	OP_LOADI	0x8001d3bc	12	12	12	0	9	429	
2	OP_LOADF	0x8001d400	14	14	14	0	0	10	__floatsidf
3	OP_LOADK	0x8001cffc	14	4	14	0	0	205	
4	OP_LOADKX	0x8001d458	15	15	15	0	0	0	
5	OP_LOADFALSE	0x8001d2bc	8	8	8	0	0	155	
6	OP_LFALSESKIP	0x8001d438	8	8	8	0	0	14	
7	OP_LOADTRUE	0x8001cb38	8	8	8	0	0	224	
8	OP_LOADNIL	0x8001d284	14	14	14	1	0	7	
9	OP_GETUPVAL	0x8001d0a8	17	17	17	0	0	13493	
10	OP_SETUPVAL	0x8001d210	33	29	29	3	0	503	luaC_barrier_
11	OP_GETTABUP	0x8001cf84	48	43	20	2	3	381	luaH_getshortstr,luaV_finishget
12	OP_GETTABLE	0x8001d034	71	71	16	5	0	145	luaH_get,luaH_getint,luaV_finishget
13	OP_GETI	0x8001cc50	50	45	13	3	0	15	luaH_getint,luaV_finishget
14	OP_GETFIELD	0x8001cbe4	45	40	17	2	0	150	luaH_getshortstr,luaV_finishget
15	OP_SETTABUP	0x8001cb58	68	48	25	6	0	18	luaC_barrierback_,luaH_getshortstr,luaV_finishset
16	OP_SETTABLE	0x8001cefc	93	73	21	10	0	179	luaC_barrierback_,luaH_get,luaH_getint,luaV_finishset
17	OP_SETI	0x8001ce34	74	54	18	7	0	3	luaC_barrierback_,luaH_getint,luaV_finishset
18	OP_SETFIELD	0x8001cdb4	65	45	22	6	0	42	luaC_barrierback_,luaH_getshortstr,luaV_finishset
19	OP_NEWTABLE	0x8001cd08	48	48	33	4	0	39	luaC_step,luaH_new,luaH_resize
20	OP_SELF	0x8001caa8	52	52	26	3	0	63	luaH_getstr,luaV_finishget
21	OP_ADDI	0x8001ca44	33	31	13	2	123	13322	__adddf3,__floatsidf
22	OP_ADDK	0x8001c9d4	55	51	15	6	0	10	__adddf3,__floatdidfx2
23	OP_SUBK	0x8001c984	55	51	15	6	0	0	__floatdidfx2,__subdf3
24	OP_MULK	0x8001db3c	54	50	17	6	0	16	__floatdidfx2,__muldf3,__muldi3
25	OP_MODK	0x8001dad0	98	88	27	14	100	201	__adddf3,__floatdidfx2,__gedf2x2,__ledf2x2,__moddi3,fmod,luaG_runerror
26	OP_POWK	0x8001d804	61	57	8	6	0	0	__eqdf2,__floatdidfx2,__muldf3,pow
27	OP_DIVK	0x8001d7d8	48	46	9	5	0	5	__divdf3,__floatdidfx2
28	OP_IDIVK	0x8001d768	80	72	24	9	0	4	__divdf3,__divdi3,__floatdidfx2,__moddi3,floor,luaG_runerror
29	OP_BANDK	0x8001d710	54	52	7	5	0	0	__eqdf2,__fixdfdi,__gedf2,__ledf2,floor
30	OP_BORK	0x8001d6b8	54	54	7	5	0	0	__eqdf2,__fixdfdi,__gedf2,__ledf2,floor
31	OP_BXORK	0x8001d660	54	54	7	5	0	0	__eqdf2,__fixdfdi,__gedf2,__ledf2,floor
32	OP_SHRI	0x8001dd8c	63	63	7	8	0	0	__eqdf2,__fixdfdi,__gedf2,__ledf2,floor
33	OP_SHLI	0x8001dd30	62	60	7	8	0	0	__eqdf2,__fixdfdi,__gedf2,__ledf2,floor
34	OP_ADD	0x8001d9c8	52	50	16	6	69	11354	__adddf3,__floatdidfx2
35	OP_SUB	0x8001d964	53	49	16	6	0	1	__floatdidfx2,__subdf3
36	OP_MUL	0x8001dcc8	53	49	16	6	9	921	__floatdidfx2,__muldf3,__muldi3
37	OP_MOD	0x8001dc58	99	89	19	14	0	629	__adddf3,__floatdidfx2,__gedf2x2,__ledf2x2,__moddi3,fmod,luaG_runerror
38	OP_POW	0x8001d4f0	57	55	8	6	0	0	__eqdf2,__floatdidfx2,__muldf3,pow
39	OP_DIV	0x8001d494	49	45	8	5	0	0	__divdf3,__floatdidfx2
40	OP_IDIV	0x8001deac	79	69	19	9	0	1	__divdf3,__divdi3,__floatdidfx2,__moddi3,floor,luaG_runerror
41	OP_BAND	0x8001de4c	83	81	7	10	0	0	__eqdf2x2,__fixdfdix2,__gedf2x2,__ledf2x2,floorx2
42	OP_BOR	0x8001da70	83	81	7	10	0	0	__eqdf2x2,__fixdfdix2,__gedf2x2,__ledf2x2,floorx2
43	OP_BXOR	0x8001da10	83	81	7	10	0	0	__eqdf2x2,__fixdfdix2,__gedf2x2,__ledf2x2,floorx2
44	OP_SHL	0x8001d5f0	93	91	7	13	0	0	__eqdf2x2,__fixdfdix2,__gedf2x2,__ledf2x2,floorx2
45	OP_SHR	0x8001d57c	93	91	7	13	0	0	__eqdf2x2,__fixdfdix2,__gedf2x2,__ledf2x2,floorx2
46	OP_MMBIN	0x8001ddf0	23	23	23	0	0	2	luaT_trybinTM
47	OP_MMBINI	0x8001d51c	24	24	24	0	0	1	luaT_trybiniTM
48	OP_MMBINK	0x8001d8fc	26	26	26	0	0	0	luaT_trybinassocTM
49	OP_UNM	0x8001d8a4	39	37	11	2	0	4	luaT_trybinTM
50	OP_BNOT	0x8001df18	54	54	11	5	0	0	__eqdf2,__fixdfdi,__gedf2,__ledf2,floor,luaT_trybinTM
51	OP_NOT	0x8001d864	20	20	16	2	0	0	
52	OP_LEN	0x8001dc14	17	17	17	0	0	47	luaV_objlen
53	OP_CONCAT	0x8001dba8	27	27	21	2	0	12	luaC_step,luaV_concat.part.0
54	OP_CLOSE	0x8001df5c	15	15	15	0	0	15	luaF_close
55	OP_TBC	0x8001c958	11	11	11	0	0	0	luaF_newtbcupval
56	OP_JMP	0x8001c6e4	9	9	9	0	122	872	
57	OP_EQ	0x8001c690	31	31	19	1	0	6	luaV_equalobj
58	OP_LT	0x8001c894	160	160	11	16	0	17	__adddf3,__eqdf2,__fixdfdix2,__floatdidfx2,__gedf2x4,__ledf2x5,floorx2,l_strcmp,luaT_callorderTM
59	OP_LE	0x8001c60c	166	166	11	16	0	676	__adddf3,__eqdf2,__fixdfdix2,__floatdidfx2,__gedf2x4,__ledf2x5,floorx2,l_strcmp,luaT_callorderTM
60	OP_EQK	0x8001c850	27	27	15	1	0	503	luaV_equalobj
61	OP_EQI	0x8001c7f0	41	41	10	4	100	10835	__eqdf2,__floatsidf
62	OP_LTI	0x8001c46c	53	53	10	4	11	2000	__floatsidf,__ledf2,luaT_callorderiTM
63	OP_LEI	0x8001c40c	51	51	10	3	16	33	__floatsidf,__ledf2,luaT_callorderiTM
64	OP_GTI	0x8001c5ac	53	53	10	4	101	203	__floatsidf,__gedf2,luaT_callorderiTM
65	OP_GEI	0x8001c548	52	52	10	3	0	10	__floatsidf,__gedf2,luaT_callorderiTM
66	OP_TEST	0x8001c918	26	26	14	2	0	211	
67	OP_TESTSET	0x8001c4cc	33	33	14	2	0	0	
68	OP_CALL	0x8001c79c	42	23	17	3	3	2924	luaD_precall,luaG_tracecall
69	OP_TAILCALL	0x8001c708	100	48	13	8	0	10008	luaD_poscall,luaD_pretailcall,luaF_closeupval,luaG_tracecall
70	OP_RETURN	0x8001c360	87	47	31	7	1	28	luaD_poscall,luaF_close,luaG_tracecall
71	OP_RETURN0	0x8001c2bc	72	38	3	6	0	2	luaD_poscall,luaG_tracecall
72	OP_RETURN1	0x8001c24c	84	50	3	6	0	2013	luaD_poscall,luaG_tracecall
73	OP_FORLOOP	0x8001c1ec	55	55	7	4	0	577	__adddf3,__gedf2x2,__ledf2
74	OP_FORPREP	0x8001c0f8	205	203	11	25	0	21	__eqdf2,__gedf2x5,__hidden___udivdi3x2,__ledf2,luaG_forerrorx3,luaG_runerror,luaV_tointegerx2,luaV_tonumber_x4
75	OP_TFORPREP	0x8001c00c	71	15	34	4	0	12	luaD_call,luaF_newtbcupval,luaG_traceexec,memcpy
76	OP_TFORCALL	0x8001c048	56	0	19	4	0	110	luaD_call,luaG_traceexec,memcpy
77	OP_TFORLOOP	0x8001c0f0	34	2	2	3	0	0	luaG_traceexec
78	OP_SETLIST	0x8001d2dc	75	75	32	8	0	8	luaC_barrierback_,luaH_realasize,luaH_resizearray
79	OP_CLOSURE	0x8001d12c	79	77	34	7	0	43	luaC_barrier_,luaC_step,luaF_findupval,luaF_newLclosure
80	OP_VARARG	0x8001d0ec	16	16	16	0	0	6	luaT_getvarargs
81	OP_VARARGPREP	0x8001ccc8	22	22	12	1	1	23	luaD_hookcall,luaT_adjustvarargs
82	OP_EXTRAARG	0x8001c1e4	2	0	2	0	0	2	
