origin	funcs	insts	static_f	static_i	wB_f	wB_pcs	wA_f	wA_pcs	U_f	U_pcs	UA_f	UA_pcs
libc	221	23344	132	19145	17	672	46	1411	73	4745	73	4680
lvm.c	19	5581	19	5581	2	73	1	413	12	2652	12	2652
lparser.c	28	4346	28	4346	0	0	0	0	0	0	0	0
lstrlib.c	44	3907	44	3907	1	55	0	0	26	1496	25	1441
lapi.c	84	3401	68	2674	23	500	10	148	53	1393	47	1174
lcode.c	52	3345	52	3345	0	0	0	0	0	0	0	0
lgc.c	33	2969	32	2945	3	44	2	33	5	91	4	80
lauxlib.c	60	2745	42	1817	6	197	2	62	28	672	22	475
libgcc	28	2286	23	2205	3	41	4	37	19	971	19	971
ldo.c	27	1882	27	1882	8	323	5	101	24	1131	21	1015
libm	16	1777	11	1683	0	0	0	0	1	52	1	52
llex.c	17	1673	17	1673	1	38	0	0	1	38	0	0
ltable.c	17	1528	17	1528	9	530	1	24	15	1119	15	1117
ldebug.c	26	1469	20	1385	0	0	0	0	12	441	12	441
lbaselib.c	30	1291	30	1291	1	35	1	53	17	601	16	566
lobject.c	17	1207	17	1207	1	12	3	155	13	534	13	534
ltablib.c	12	917	12	917	1	22	0	0	11	687	10	665
lundump.c	7	789	7	789	5	479	0	0	5	536	0	0
ltm.c	15	651	15	651	1	35	1	35	13	367	12	332
lstate.c	19	572	16	564	5	209	2	32	9	362	7	219
lstring.c	13	502	12	487	4	174	2	75	8	338	6	281
ldump.c	4	485	4	485	0	0	0	0	0	0	0	0
lfunc.c	11	443	11	443	3	90	0	0	9	202	7	144
lcorolib.c	12	431	12	431	1	22	0	0	9	287	8	265
lmem.c	8	235	8	235	4	87	1	26	4	87	3	71
htif.c	11	98	11	98	1	16	5	39	6	55	6	48
main.c	2	93	2	93	2	55	2	10	2	76	2	32
lzio.c	3	90	3	90	3	70	0	0	3	70	0	0
crt0.S	1	15	1	15	1	14	1	1	1	15	1	1
TOTAL	837	68072	693	61912	106	3793	89	2655	379	19018	342	17256
