op	target	reach	segments	drafted_insts	site_steps	call_steps	steps_without_battery
OP_MOVE	0x8001be84	15	2	15	15	0	6
OP_LOADI	0x8001be54	12	1	12	12	0	6
OP_LOADF	0x8001be98	14	1	14	14	1	6
OP_LOADK	0x8001ba94	14	1	14	14	0	5
OP_GETTABUP	0x8001ba1c	48	7	48	48	2	9
OP_ADDI	0x8001b4dc	33	6	33	33	2	7
OP_ADDK	0x8001b46c	55	17	55	55	3	8
OP_SUBK	0x8001b41c	55	17	55	55	3	8
OP_MULK	0x8001c5d4	54	16	54	54	4	8
OP_MODK	0x8001c568	98	27	98	98	10	10
OP_IDIVK	0x8001c200	80	22	80	80	7	11
OP_ADD	0x8001c460	52	15	52	52	3	8
OP_SUB	0x8001c3fc	53	16	53	53	3	8
OP_MUL	0x8001c760	53	16	53	53	4	8
OP_MOD	0x8001c6f0	99	29	99	99	10	10
OP_IDIV	0x8001c944	79	22	79	79	7	11
OP_JMP	0x8001b17c	9	1	9	9	0	4
OP_EQ	0x8001b128	31	4	31	31	1	11
OP_LT	0x8001b32c	160	39	160	160	19	33
OP_LE	0x8001b0a4	166	39	166	166	19	37
OP_EQK	0x8001b2e8	27	4	27	27	1	11
OP_EQI	0x8001b288	41	10	41	41	2	14
OP_LTI	0x8001af04	53	12	53	53	3	15
OP_LEI	0x8001aea4	51	11	51	51	3	14
OP_GTI	0x8001b044	53	12	53	53	3	15
OP_GEI	0x8001afe0	52	11	52	52	3	15
OP_TEST	0x8001b3b0	26	6	26	26	0	10
OP_CALL	0x8001b234	42	9	42	42	2	7
OP_RETURN	0x8001adf8	87	17	87	87	3	14
OP_RETURN0	0x8001ad54	72	12	72	72	2	11
OP_RETURN1	0x8001ace4	84	16	84	84	2	11
OP_FORLOOP	0x8001ac84	55	11	55	55	4	10
OP_FORPREP	0x8001ab90	205	63	205	205	19	13
OP_VARARGPREP	0x8001b760	22	4	22	22	2	2
# 34 F1 arms, 2050 arm instructions in 496 segments, all drafted; 376 steps need a site class gen_sites.py/gen_segment.py lacks
