# Generated by scripts/disasm_to_sites.py 0x8001aa7c 0x8001aaa4 (lua-riscv-htif.elf);
# feed to scripts/gen_sites.py.  Branch rows: keep exactly one arm per branch.
# branch: both arms emitted for 0x8001aa7c (target 0x8001ab6c) — delete the untaken arm (or use --path)
8001aa7c	0e0a9863	branch_taken	BNE	21	0	00f0	# bnez s5,8001ab6c <luaV_execute+0x16c>
8001aa7c	0e0a9863	branch_nottaken	BNE	21	0	00f0	# bnez s5,8001ab6c <luaV_execute+0x16c>
8001aa80	000daa03	lw	20	27	000	# lw s4,0(s11)
8001aa84	004d8993	alu_addi	19	27	004	# addi s3,s11,4
#UNSUPPORTED 8001aa88 07fa7713 andi a4,s4,127  [OP-IMM funct3 != ADDI]
# branch: both arms emitted for 0x8001aa8c (target 0x8001ac7c) — delete the untaken arm (or use --path)
8001aa8c	1ee4e863	branch_taken	BLTU	9	14	01f0	# bltu s1,a4,8001ac7c <luaV_execute+0x27c>
8001aa8c	1ee4e863	branch_nottaken	BLTU	9	14	01f0	# bltu s1,a4,8001ac7c <luaV_execute+0x27c>
#UNSUPPORTED 8001aa90 00271793 slli a5,a4,0x2  [OP-IMM funct3 != ADDI]
8001aa94	00fc07b3	alu_add	15	24	15	# add a5,s8,a5
8001aa98	0007a783	lw	15	15	000	# lw a5,0(a5)
8001aa9c	00fc07b3	alu_add	15	24	15	# add a5,s8,a5
8001aaa0	00078067	jr	15	# jr a5
