# Generated by scripts/disasm_to_sites.py 0x8001b4dc 0x8001b510 (lua-riscv-htif.elf);
# feed to scripts/gen_sites.py.  Branch rows: keep exactly one arm per branch.
#UNSUPPORTED 8001b4dc 010a5b1b srliw s6,s4,0x10  [OP-IMM-32 funct3 != ADDIW]
#UNSUPPORTED 8001b4e0 0ffb7b13 zext.b s6,s6  [OP-IMM funct3 != ADDI]
#UNSUPPORTED 8001b4e4 004b1b13 slli s6,s6,0x4  [OP-IMM funct3 != ADDI]
8001b4e8	016c8b33	alu_add	22	25	22	# add s6,s9,s6
#UNSUPPORTED 8001b4ec 007a5d1b srliw s10,s4,0x7  [OP-IMM-32 funct3 != ADDIW]
8001b4f0	008b4703	lbu	14	22	008	# lbu a4,8(s6)
#UNSUPPORTED 8001b4f4 0ffd7d13 zext.b s10,s10  [OP-IMM funct3 != ADDI]
#UNSUPPORTED 8001b4f8 004d1d13 slli s10,s10,0x4  [OP-IMM funct3 != ADDI]
#UNSUPPORTED 8001b4fc 018a581b srliw a6,s4,0x18  [OP-IMM-32 funct3 != ADDIW]
8001b500	01ac8d33	alu_add	26	25	26	# add s10,s9,s10
8001b504	f818051b	addiw	10	16	f81	# addiw a0,a6,-127
# branch: both arms emitted for 0x8001b508 (target 0x8001b510) — delete the untaken arm (or use --path)
8001b508	01271463	branch_taken	BNE	14	18	0008	# bne a4,s2,8001b510 <luaV_execute+0xb10>
8001b508	01271463	branch_nottaken	BNE	14	18	0008	# bne a4,s2,8001b510 <luaV_execute+0xb10>
8001b50c	4510106f	j	001c50	# j 8001d15c <luaV_execute+0x275c>
