op	target	insts	tokens	exact	modALU	modALU+cmp
MOVE	0x8001d3ec	15	17	dcce5d3ca0a979fb	e885adf02a1bf8cb	e885adf02a1bf8cb
LOADI	0x8001d3bc	12	12	5fd73d094a597a09	3049fa5310d7961e	3049fa5310d7961e
LOADK	0x8001cffc	14	16	ce626a9aba0edd9a	698e995cee83de50	698e995cee83de50
LOADFALSE	0x8001d2bc	8	9	17cb637127ffcb5c	440bf366fbaca56a	440bf366fbaca56a
LFALSESKIP	0x8001d438	8	9	ab4db74f9c81d2df	4bf8a96c8f4705b1	4bf8a96c8f4705b1
LOADTRUE	0x8001cb38	8	9	03636c81fa16349f	488cbf1fd3458937	488cbf1fd3458937
LOADNIL	0x8001d284	14	18	430c517884fae081	1a185a645ccd8832	641574988999b14c
GETTABUP	0x8001cf84	48	73	79cc550f2d568aab	ddcc73f354cd0338	71b666b5afd05166
ADDI	0x8001ca44	33	40	a2723a2ec0611b8b	6312d6d27d41f7c1	682eeb5d60a98551
ADDK	0x8001c9d4	55	83	0c90163d9aa63826	225ed24da39f3f51	06f78da3e0bd8764
SUBK	0x8001c984	55	83	10b1bc3436d7938f	225ed24da39f3f51	06f78da3e0bd8764
MULK	0x8001db3c	54	83	a204d5bd92245a9c	225ed24da39f3f51	06f78da3e0bd8764
MODK	0x8001dad0	98	227	e9bae9ee825aa8ec	63658dd9d02630d5	e5422a173a2720dc
IDIVK	0x8001d768	80	157	5b71d0f5cc11e203	c7309becdb87d2a0	c309d281d2959569
ADD	0x8001d9c8	52	83	23ff6b5d7de2716f	6d3707f154c6109c	bec71432813aab6a
SUB	0x8001d964	53	83	53bf6b1b1783ab22	6d3707f154c6109c	bec71432813aab6a
MUL	0x8001dcc8	53	83	86139ae89ca5292f	6d3707f154c6109c	bec71432813aab6a
MOD	0x8001dc58	99	227	d2e70c375bbdf447	e62ded7c19152fd8	9d27edb15092f44b
IDIV	0x8001deac	79	157	8e3875f9c66d002d	700719b98197f24c	290152c54de47b05
MMBIN	0x8001ddf0	23	29	21a95e8999ce4e69	0f974172e51a69e8	0f974172e51a69e8
MMBINI	0x8001d51c	24	30	3560263f6705778c	46f0d63b3875d73b	46f0d63b3875d73b
MMBINK	0x8001d8fc	26	31	47fc261c258ac15a	dd0e84289a8476f0	dd0e84289a8476f0
UNM	0x8001d8a4	39	50	328d82204ba3380b	9dd5480807ea57fe	995739ebac9d8c59
NOT	0x8001d864	20	29	96db985725c06dbc	81d2d667d4b859b9	8d6ba64902a803b5
JMP	0x8001c6e4	9	10	2f505671df44de7d	06e5e149203fc5c9	06e5e149203fc5c9
EQ	0x8001c690	31	38	50528eafa42a222c	7c526d19d4423660	1b4b9bab2f98f407
LT	0x8001c894	160	249	4ce242a06afd90c3	95a632e98dfdaa03	0b83dab8743d570d
LE	0x8001c60c	166	254	cc640990a7e551c5	8728ce128769d19b	45f1948b8de89220
EQK	0x8001c850	27	29	4f5697a0aff8810a	0b577b90f3e212a2	792710553628bd71
EQI	0x8001c7f0	41	52	250fc9b1e3809b2f	d264d67dd58e7854	3e3f127ba4a3ea9b
LTI	0x8001c46c	53	78	096eaaa8d5d59510	4c9025c3712a7df0	c06e9985b66abf33
LEI	0x8001c40c	51	79	24d1f1e16f27438a	59d9d23a9c0de031	5d84fff2386f3427
GTI	0x8001c5ac	53	78	5868b93d0e1cdbf4	096059396e9275d3	cab06c795f4ce3b6
GEI	0x8001c548	52	80	4fa9b5ab92371d3c	38cd85f1a69e79e8	eb3868c12b24fb9e
TEST	0x8001c918	26	33	d483578415eaf4a2	a63964895496d96a	191e77818116d26b
TESTSET	0x8001c4cc	33	41	1fd6bc54c6542284	40a7ee865dc91d02	4c16e79078a7f321
CALL	0x8001c79c	23	105	abc3bcac3d2dfba4	47b858b8bfa5e9bd	da0b3fbe3741e35b
RETURN	0x8001c360	86	1154	eab79a29754e5034	11136579b88559c7	4486b488b3431fad
RETURN0	0x8001c2bc	71	190	ddf316cbbba96d7f	90d9d681e6c3c781	2d1cd33f3babb2d2
RETURN1	0x8001c24c	83	322	37607645b14a0ada	b8dbe01a9a49f02e	1dee68fac1b0cb1f
FORLOOP	0x8001c1ec	55	75	785ad59ba9a562d0	8d8af703ad809139	85857659aa624f0f
FORPREP	0x8001c0f8	205	659	d33aa87f1c4e1b87	6d25caadebfca5cd	0934aa5653f3fa1d
VARARGPREP	0x8001ccc8	22	26	79e18efa331d9d58	ff1ed0009f67dca9	ccc9b50542c14084
BANDK	0x8001d710	54	59	47abf2cdbc5dcbde	591fea08bc8e5bee	c9806eed389b5201
BORK	0x8001d6b8	54	59	81f36f95fe0a4c53	591fea08bc8e5bee	c9806eed389b5201
BXORK	0x8001d660	54	59	61af2d3966e2dc90	591fea08bc8e5bee	c9806eed389b5201
SHRI	0x8001dd8c	63	105	346db5062e18dd56	6b42ec516858a7fb	18479a62386f98ed
SHLI	0x8001dd30	62	105	a1f28b9c767a75b2	d6d8c560aa0b0974	c170bb94a98fc191
BAND	0x8001de4c	83	127	756e19f516c787cd	906c80965a18d849	040ec2b94993e689
BOR	0x8001da70	83	127	6d09494267ffb981	906c80965a18d849	040ec2b94993e689
BXOR	0x8001da10	83	127	18fd2abb3c8c714c	906c80965a18d849	040ec2b94993e689
SHL	0x8001d5f0	93	215	bcc02e73b38ee26a	bca7ca109e978ba6	1ad1eca403464804
SHR	0x8001d57c	93	215	b39222de44347b67	809edae91ccf23da	78e8e93be50d613b
BNOT	0x8001df18	54	66	39bba700cd7e85c8	88be005beee4ab98	6e6f5ef1b015aede
