op	combinator	form	gen_kind	ledger_hand	branches	L0	L1	L2	L3	L4	L3p	L4p	L5	L6	P1	P3p	P4p	P5	raw_layout	pure_helpers	callees	F1_branches	F1_pure_helpers	F1_callees
MOVE	setR:move	reg	copy	30.0	0	dcce5d3ca0a979fb	e885adf02a1bf8cb	e885adf02a1bf8cb	23bd9a00713d51b4	23bd9a00713d51b4	e87ba8c570708dcc	e87ba8c570708dcc	f9c796bdb95ef348	ad87249b2cf3d683	e885adf02a1bf8cb	e87ba8c570708dcc	e87ba8c570708dcc	f9c796bdb95ef348				0		
LOADI	setR:move	imm	imm	35.0	0	5fd73d094a597a09	3049fa5310d7961e	3049fa5310d7961e	4271217422d1cbc5	4271217422d1cbc5	1da1442735b83932	1da1442735b83932	f9c796bdb95ef348	ad87249b2cf3d683	3049fa5310d7961e	1da1442735b83932	1da1442735b83932	f9c796bdb95ef348				0		
LOADK	setR:move	k	loadk	28.75	0	ce626a9aba0edd9a	698e995cee83de50	698e995cee83de50	89242e072bfe3686	89242e072bfe3686	d9069589f784d655	d9069589f784d655	f9c796bdb95ef348	ad87249b2cf3d683	698e995cee83de50	d9069589f784d655	d9069589f784d655	f9c796bdb95ef348				0		
LOADFALSE	setR:move	imm	settag	28.75	0	17cb637127ffcb5c	440bf366fbaca56a	440bf366fbaca56a	9357f4b173776dbb	9357f4b173776dbb	497f7e4a78e9ade9	497f7e4a78e9ade9	20624a055787cdab	b6aa5cf179309e7d	440bf366fbaca56a	497f7e4a78e9ade9	497f7e4a78e9ade9	20624a055787cdab				0		
LFALSESKIP	setR:move	imm+skip	settag	28.75	0	ab4db74f9c81d2df	4bf8a96c8f4705b1	4bf8a96c8f4705b1	9357f4b173776dbb	9357f4b173776dbb	497f7e4a78e9ade9	497f7e4a78e9ade9	20624a055787cdab	b6aa5cf179309e7d	4bf8a96c8f4705b1	497f7e4a78e9ade9	497f7e4a78e9ade9	20624a055787cdab				0		
LOADTRUE	setR:move	imm	settag	28.75	0	03636c81fa16349f	488cbf1fd3458937	488cbf1fd3458937	9357f4b173776dbb	9357f4b173776dbb	497f7e4a78e9ade9	497f7e4a78e9ade9	20624a055787cdab	b6aa5cf179309e7d	488cbf1fd3458937	497f7e4a78e9ade9	497f7e4a78e9ade9	20624a055787cdab				0		
LOADNIL	setNils	range			1	430c517884fae081	1a185a645ccd8832	641574988999b14c	b84205c308249576	b84205c308249576	197e9f895b92208c	197e9f895b92208c	d2a9fc8d81eccdd1	473cca9537cfa9f9	1a185a645ccd8832	197e9f895b92208c	197e9f895b92208c	d2a9fc8d81eccdd1	bne			1		
GETTABUP	setR:move	upval-lookup			2	79cc550f2d568aab	ddcc73f354cd0338	71b666b5afd05166	2c6e477ab2c33f0c	2c6e477ab2c33f0c	290a21a0eba33d2e	290a21a0eba33d2e	8b44de89168966eb	f7deea4b5448f02c	ddcc73f354cd0338	290a21a0eba33d2e	290a21a0eba33d2e	8b44de89168966eb	bne bnez		luaH_getshortstr,luaV_finishget	2		luaH_getshortstr,luaV_finishget
ADDI	opArith	RI	arith	113.0	2	a2723a2ec0611b8b	6312d6d27d41f7c1	682eeb5d60a98551	f2037fa57ed73e74	0203a1d86c6e09fc	548e0b714aeb6fa4	b56b53695eddff64	82c358ef8a9e7cd8	af14add6d1b019ba	430e5d34f03a1045	04d07b92b518a4e5	04d07b92b518a4e5	9c18547a0b8abb14	bne bne	__adddf3,__floatsidf		1		
ADDK	opArith	RK	arith	33.5	6	0c90163d9aa63826	225ed24da39f3f51	06f78da3e0bd8764	25a4bae7a12011da	888801df3fd3793e	0188144795a23586	1eae5b94a76bd75e	3a7f1b5ff3bded74	b3bb265d5294c3de	fd98e6214a578bb2	e6ce4667fb857c7a	e6ce4667fb857c7a	fc5fb62c7d7013a8	bne bne bne beq beq bne	__adddf3,__floatdidf		2		
SUBK	opArith	RK	arith	33.5	6	10b1bc3436d7938f	225ed24da39f3f51	06f78da3e0bd8764	25a4bae7a12011da	888801df3fd3793e	ed33228234df36d6	1eae5b94a76bd75e	3a7f1b5ff3bded74	b3bb265d5294c3de	fd98e6214a578bb2	e6ce4667fb857c7a	e6ce4667fb857c7a	fc5fb62c7d7013a8	bne bne beq beq beq bne	__floatdidf,__subdf3		2		
MULK	opArith	RK			6	a204d5bd92245a9c	225ed24da39f3f51	06f78da3e0bd8764	25a4bae7a12011da	888801df3fd3793e	3e884bebdee8f26b	1eae5b94a76bd75e	3a7f1b5ff3bded74	b3bb265d5294c3de	fd98e6214a578bb2	e6ce4667fb857c7a	e6ce4667fb857c7a	fc5fb62c7d7013a8	beq beq beq beq beq bne	__floatdidf,__muldf3,__muldi3		2	__muldi3	
MODK	opArith	RK/div			22	e9bae9ee825aa8ec	63658dd9d02630d5	e5422a173a2720dc	52852f5a2e8db2b9	1073e969321d3a2c	14ebf211187eaae8	07fa022f7c11232f	8192fd3209e99620	9e74de23c301e333	132eee6b74856ad9	ebd7a197e971297b	af147e592d663bbb	c618a480ae870eef	beq bne beq bne bne bne blez bltz bgez blez bgeu beqz bltz beqz	__adddf3,__floatdidf,__gedf2,__ledf2,__moddi3,fmod	luaG_runerror	6	__moddi3	luaG_runerror
IDIVK	opArith	RK/div			9	5b71d0f5cc11e203	c7309becdb87d2a0	c309d281d2959569	c4848db22e8cd96b	289f7b1feda5cf8f	68987ac750c1d0d1	3e750ebefe95c3b4	747153863827bfc4	12321f638c735758	1d3f66491746fe86	4ce38c0fefa4f67e	f0ef9cd5ab152f1e	481e56670fab0dc9	beq bne beq beq bne bne bgeu bltz beqz	__divdf3,__divdi3,__floatdidf,__moddi3,floor	luaG_runerror	5	__divdi3,__moddi3	luaG_runerror
ADD	opArith	RR	arith	61.0	6	23ff6b5d7de2716f	6d3707f154c6109c	bec71432813aab6a	78b18dad99e4dd71	4cf135872a782420	21eb962aa7f36bc8	c4664067412db0b4	3a7f1b5ff3bded74	b3bb265d5294c3de	40f79d772193881f	a3fae5791c9e5c35	a3fae5791c9e5c35	fc5fb62c7d7013a8	beq bne beq bne beq bne	__adddf3,__floatdidf		2		
SUB	opArith	RR	arith	24.0	6	53bf6b1b1783ab22	6d3707f154c6109c	bec71432813aab6a	78b18dad99e4dd71	4cf135872a782420	796c5fffd125e9f6	c4664067412db0b4	3a7f1b5ff3bded74	b3bb265d5294c3de	40f79d772193881f	a3fae5791c9e5c35	a3fae5791c9e5c35	fc5fb62c7d7013a8	beq beq beq beq beq bne	__floatdidf,__subdf3		2		
MUL	opArith	RR			6	86139ae89ca5292f	6d3707f154c6109c	bec71432813aab6a	78b18dad99e4dd71	4cf135872a782420	bbedac0ce2f1f4b7	c4664067412db0b4	3a7f1b5ff3bded74	b3bb265d5294c3de	40f79d772193881f	a3fae5791c9e5c35	a3fae5791c9e5c35	fc5fb62c7d7013a8	beq beq beq beq beq bne	__floatdidf,__muldf3,__muldi3		2	__muldi3	
MOD	opArith	RR/div			22	d2e70c375bbdf447	e62ded7c19152fd8	9d27edb15092f44b	0e6d3b1c9b93be52	01f7bd07ec29e371	cc76b38d4c72da18	1c54dcc62f935225	8192fd3209e99620	9e74de23c301e333	38cdca840473a89b	c260d79c34424e95	0e647adb1ca64679	c618a480ae870eef	beq beq bne bne bne beq blez bltz bgez blez bgeu beqz bltz beqz	__adddf3,__floatdidf,__gedf2,__ledf2,__moddi3,fmod	luaG_runerror	6	__moddi3	luaG_runerror
IDIV	opArith	RR/div			9	8e3875f9c66d002d	700719b98197f24c	290152c54de47b05	d7ffb3b39a2dfe86	dee6b9aa9039e3b5	9b9f1dc3c574a835	ecb3374b605ee10b	747153863827bfc4	12321f638c735758	1ed6058b941e7c92	d51e8cc3a3444b8f	17b1c4ea8837b6ab	481e56670fab0dc9	beq beq beq bne bne bne bgeu bltz beqz	__divdf3,__divdi3,__floatdidf,__moddi3,floor	luaG_runerror	5	__divdi3,__moddi3	luaG_runerror
MMBIN	mmbin	RR			0	21a95e8999ce4e69	0f974172e51a69e8	0f974172e51a69e8	8b61f91a32a26c44	8b61f91a32a26c44	7fd23b67298fcd16	7fd23b67298fcd16	caccfd86049b6ef2	c152d3ca9b53a470	0f974172e51a69e8	7fd23b67298fcd16	7fd23b67298fcd16	caccfd86049b6ef2			luaT_trybinTM	0		luaT_trybinTM
MMBINI	mmbin	RI			0	3560263f6705778c	46f0d63b3875d73b	46f0d63b3875d73b	525983400049e957	525983400049e957	11d3d8f55985acec	11d3d8f55985acec	7d011e0efd3cde8b	c152d3ca9b53a470	46f0d63b3875d73b	11d3d8f55985acec	11d3d8f55985acec	7d011e0efd3cde8b			luaT_trybiniTM	0		luaT_trybiniTM
MMBINK	mmbin	RK			0	47fc261c258ac15a	dd0e84289a8476f0	dd0e84289a8476f0	a7510030c2ec57c3	a7510030c2ec57c3	a6c98cf74ea8e546	a6c98cf74ea8e546	18471b6b56467f6a	c152d3ca9b53a470	dd0e84289a8476f0	a6c98cf74ea8e546	a6c98cf74ea8e546	18471b6b56467f6a			luaT_trybinassocTM	0		luaT_trybinassocTM
UNM	setR:δ	unary-num			2	328d82204ba3380b	9dd5480807ea57fe	995739ebac9d8c59	ddbc9523f17d320e	ddbc9523f17d320e	c6b9d7bff7883ba6	c6b9d7bff7883ba6	83fe08a683e09fa5	af14add6d1b019ba	ea29d2af7d8865d3	d77f8c39295144ea	d77f8c39295144ea	c15e40919d734f3e	bne beq		luaT_trybinTM	1		luaT_trybinTM
NOT	setR:δ	unary-truth	truth	91.0	2	96db985725c06dbc	81d2d667d4b859b9	8d6ba64902a803b5	5aa3d9b6273acfe7	5aa3d9b6273acfe7	03aec0b7400dd93f	03aec0b7400dd93f	ad2ef05ada25d2d7	e9fa5ed0c979440d	81d2d667d4b859b9	03aec0b7400dd93f	03aec0b7400dd93f	ad2ef05ada25d2d7	beq beqz			2		
JMP	jump	sJ	jump	42.0	0	2f505671df44de7d	06e5e149203fc5c9	06e5e149203fc5c9	b3845e878954209c	b3845e878954209c	2936b4f0dd3d647d	2936b4f0dd3d647d	7a0dd0392c72f164	c152d3ca9b53a470	06e5e149203fc5c9	2936b4f0dd3d647d	2936b4f0dd3d647d	7a0dd0392c72f164				0		
EQ	docondjump	RR/eq			1	50528eafa42a222c	7c526d19d4423660	1b4b9bab2f98f407	acd492a7d0f8ead5	acd492a7d0f8ead5	2bdfe78446108b56	2bdfe78446108b56	cbd3057aabc0097b	9598282bfe40eb61	7c526d19d4423660	2bdfe78446108b56	2bdfe78446108b56	cbd3057aabc0097b	bne		luaV_equalobj	1		luaV_equalobj
LT	docondjump	RR/order			28	4ce242a06afd90c3	95a632e98dfdaa03	0b83dab8743d570d	a2474cb9cc310021	74e896e595c8ef12	27d10b94ee61c0ac	f48daee3bd729b40	2f9568a313957a08	6191ab2aef71335b	ad5f9f00cac596d1	6388e0e3475544b4	6388e0e3475544b4	839f1762c9598b99	bne beq bne bne beq beq beq beq bgeu beq bltu bltz bgez beqz bltz bgez	__adddf3,__eqdf2,__fixdfdi,__floatdidf,__gedf2,__ledf2,floor	l_strcmp,luaT_callorderTM	7		l_strcmp,luaT_callorderTM
LE	docondjump	RR/order			28	cc640990a7e551c5	8728ce128769d19b	45f1948b8de89220	1dc001300e25612f	59ecc9fabf946a76	dea09f3e6a7845b0	c43b082fdb939bcb	01cd6e66e7a39ded	76623848c32e265e	0825afdcbc965190	6388e0e3475544b4	6388e0e3475544b4	839f1762c9598b99	bne beq bne bne beq beq beq beq bgeu beq bltu beqz bltz bgez bltz bgez	__adddf3,__eqdf2,__fixdfdi,__floatdidf,__gedf2,__ledf2,floor	l_strcmp,luaT_callorderTM	7		l_strcmp,luaT_callorderTM
EQK	docondjump	RK/eq			1	4f5697a0aff8810a	0b577b90f3e212a2	792710553628bd71	e83559c699552517	e83559c699552517	ae719a7f16716566	ae719a7f16716566	cbd3057aabc0097b	9598282bfe40eb61	0b577b90f3e212a2	ae719a7f16716566	ae719a7f16716566	cbd3057aabc0097b	bne		luaV_equalobj	1		luaV_equalobj
EQI	docondjump	RI/eq	condjump	61.0	5	250fc9b1e3809b2f	d264d67dd58e7854	3e3f127ba4a3ea9b	65a5cb66ad6e68ba	19428895565fc438	066ae66d5281828f	64e9b3b1439d6214	44015b2a0e9c25be	46499409488cfc55	3139ca1fc2a90999	3d3ffb8dfea18b53	3d3ffb8dfea18b53	ea142fa904c246c7	bne bne bne beq	__eqdf2,__floatsidf		3		
LTI	docondjump	RI/order	cmpI	33.0	5	096eaaa8d5d59510	4c9025c3712a7df0	c06e9985b66abf33	4eec9445b6e59db2	5a776a08fdc4a752	cd21dccd67d46153	0624292426a40b8e	2f55834b8265792d	46499409488cfc55	ab4a613ea66bf7ba	b87a105ebe2ec7c1	b87a105ebe2ec7c1	8b7643c6970d983d	bne beq bne beq	__floatsidf,__ledf2	luaT_callorderiTM	3		luaT_callorderiTM
LEI	docondjump	RI/order	cmpI	33.0	5	24d1f1e16f27438a	59d9d23a9c0de031	5d84fff2386f3427	c198a82fe4fe04ec	881ef017f54a8df1	cd21dccd67d46153	0624292426a40b8e	2f55834b8265792d	46499409488cfc55	b500dc80deb47857	b87a105ebe2ec7c1	b87a105ebe2ec7c1	8b7643c6970d983d	bne beq bne	__floatsidf,__ledf2	luaT_callorderiTM	3		luaT_callorderiTM
GTI	docondjump	RI/order	cmpI	33.0	5	5868b93d0e1cdbf4	096059396e9275d3	cab06c795f4ce3b6	4eec9445b6e59db2	5a776a08fdc4a752	1d468babcd90824b	0624292426a40b8e	2f55834b8265792d	46499409488cfc55	efc648151c708368	b87a105ebe2ec7c1	b87a105ebe2ec7c1	8b7643c6970d983d	bne beq bne beq	__floatsidf,__gedf2	luaT_callorderiTM	3		luaT_callorderiTM
GEI	docondjump	RI/order	cmpI	33.0	5	4fa9b5ab92371d3c	38cd85f1a69e79e8	eb3868c12b24fb9e	fea7980dc06f2f41	7e3407dbd6236625	1d468babcd90824b	0624292426a40b8e	2f55834b8265792d	46499409488cfc55	0e577860f39618b8	b87a105ebe2ec7c1	b87a105ebe2ec7c1	8b7643c6970d983d	bne beq bne	__floatsidf,__gedf2	luaT_callorderiTM	3		luaT_callorderiTM
TEST	docondjump	truth	truth	91.0	3	d483578415eaf4a2	a63964895496d96a	191e77818116d26b	0713fae2d848ee7a	0713fae2d848ee7a	97304d2595a1ac35	97304d2595a1ac35	ea142fa904c246c7	021c6043643634c5	a63964895496d96a	97304d2595a1ac35	97304d2595a1ac35	ea142fa904c246c7	beq bne			3		
TESTSET	testsetK	truth	truth	91.0	3	1fd6bc54c6542284	40a7ee865dc91d02	4c16e79078a7f321	8b5ca6f5db2631a7	8b5ca6f5db2631a7	279c41801cbecf09	279c41801cbecf09	aed806596e62b225	e6537d3b86f8bd3d	40a7ee865dc91d02	279c41801cbecf09	279c41801cbecf09	aed806596e62b225	beq bne			3		
CALL	callK				5	abc3bcac3d2dfba4	47b858b8bfa5e9bd	da0b3fbe3741e35b	0a4d2ce9f2811edc	0a4d2ce9f2811edc	57db9abf54187128	57db9abf54187128	62f1f4cc94ef26af	1ba89cd02ba58824	47b858b8bfa5e9bd	57db9abf54187128	57db9abf54187128	62f1f4cc94ef26af	beqz beqz		luaD_precall,luaG_tracecall	5		luaD_precall,luaG_tracecall
RETURN	final				59	eab79a29754e5034	11136579b88559c7	4486b488b3431fad	a0bdba751c72ffc9	a0bdba751c72ffc9	6e68f5d0fb12c9fd	6e68f5d0fb12c9fd	d57bf25737950374	35fd4df7c459abb6	11136579b88559c7	6e68f5d0fb12c9fd	6e68f5d0fb12c9fd	d57bf25737950374	bnez beqz bne beqz bgeu beqz beqz		luaD_poscall,luaF_close,luaG_tracecall	59		luaD_poscall,luaF_close,luaG_tracecall
RETURN0	final				8	ddf316cbbba96d7f	90d9d681e6c3c781	2d1cd33f3babb2d2	ffb47a3fd9892364	ffb47a3fd9892364	3b92d4f05fbf804c	3b92d4f05fbf804c	36cede5942f972c9	2fc7791c2708943c	90d9d681e6c3c781	3b92d4f05fbf804c	3b92d4f05fbf804c	36cede5942f972c9	bnez beqz beqz blez bne beqz		luaD_poscall,luaG_tracecall	8		luaD_poscall,luaG_tracecall
RETURN1	final				11	37607645b14a0ada	b8dbe01a9a49f02e	1dee68fac1b0cb1f	f806a58d9aa12e0b	f806a58d9aa12e0b	499260ef2fb23b27	499260ef2fb23b27	cc434d331076ce81	aa089b59a0a85d6a	b8dbe01a9a49f02e	499260ef2fb23b27	499260ef2fb23b27	cc434d331076ce81	beqz beqz bnez beqz blt bne		luaD_poscall,luaG_tracecall	11		luaD_poscall,luaG_tracecall
FORLOOP	forloopK		forloop	54.0	5	785ad59ba9a562d0	8d8af703ad809139	85857659aa624f0f	69bc3b25328c5c64	9d857d1818dfddd1	3297645721301d66	defcb9647ef3e134	269f15dfd428b014	5b70437401835ec6	8d8af703ad809139	3297645721301d66	defcb9647ef3e134	269f15dfd428b014	beq beqz blez bnez	__adddf3,__gedf2,__ledf2		5	__adddf3,__gedf2,__ledf2	
FORPREP	forprepK				66	d33aa87f1c4e1b87	6d25caadebfca5cd	0934aa5653f3fa1d	ed717a086edcfa3b	d3191fc4e15da1ba	c86da160e400a4f2	3c939a7991d91d48	3eb351231cdd9fb3	7c85e055fcca51ec	3de355e229abb65b	9b7125df57c87e9a	a5e7102e6815c404	59b36ef5c506d263	bne beq beq beq bnez bgtz beqz beq bnez bgez bnez blt bne bne bne bne bgtz bnez bne blez beq blez bgez bge blez	__eqdf2,__gedf2,__hidden___udivdi3,__ledf2	luaG_forerror,luaG_runerror,luaV_tointeger,luaV_tonumber_	23	__eqdf2,__gedf2,__hidden___udivdi3,__ledf2	luaG_forerror,luaG_runerror,luaV_tointeger,luaV_tonumber_
VARARGPREP	jump	adjustvarargs			1	79e18efa331d9d58	ff1ed0009f67dca9	ccc9b50542c14084	78d4b5b8ca66b6da	78d4b5b8ca66b6da	729f114e560f97e3	729f114e560f97e3	6d4c3b80606d3232	10a227dffbf641b6	ff1ed0009f67dca9	729f114e560f97e3	729f114e560f97e3	6d4c3b80606d3232	beqz		luaD_hookcall,luaT_adjustvarargs	1		luaD_hookcall,luaT_adjustvarargs
BANDK	opArith	RK			5	47abf2cdbc5dcbde	591fea08bc8e5bee	c9806eed389b5201	faa6f35b9c4702e1	574cabe3e8279d29	672774185ade91cc	9c038056c5aeb964	302ee1ced7f3d935	a73a830caecbd4c2	9659cc99c22ebc42	e58611ef98f890c4	e58611ef98f890c4	9c18547a0b8abb14	beq beq bnez bgez bgez	__eqdf2,__fixdfdi,__gedf2,__ledf2,floor		1		
BORK	opArith	RK			5	81f36f95fe0a4c53	591fea08bc8e5bee	c9806eed389b5201	faa6f35b9c4702e1	574cabe3e8279d29	672774185ade91cc	9c038056c5aeb964	302ee1ced7f3d935	a73a830caecbd4c2	9659cc99c22ebc42	e58611ef98f890c4	e58611ef98f890c4	9c18547a0b8abb14	beq beq bnez bltz bgez	__eqdf2,__fixdfdi,__gedf2,__ledf2,floor		1		
BXORK	opArith	RK			5	61af2d3966e2dc90	591fea08bc8e5bee	c9806eed389b5201	faa6f35b9c4702e1	574cabe3e8279d29	672774185ade91cc	9c038056c5aeb964	302ee1ced7f3d935	a73a830caecbd4c2	9659cc99c22ebc42	e58611ef98f890c4	e58611ef98f890c4	9c18547a0b8abb14	beq beq bnez bltz bgez	__eqdf2,__fixdfdi,__gedf2,__ledf2,floor		1		
SHRI	opArith	RI/shift			11	346db5062e18dd56	6b42ec516858a7fb	18479a62386f98ed	e55838ef153f4c30	d02814fecf59d68d	cc91535394de0b27	b9fdc03a47e9b74c	c91943ff6b216177	4e87f5b045c5d267	623c927909035d14	18e6137649658211	18e6137649658211	80cb539f3ab5db4c	beq bltu bgeu bltu beq bnez bltz bgez	__eqdf2,__fixdfdi,__gedf2,__ledf2,floor		4		
SHLI	opArith	RI/shift			11	a1f28b9c767a75b2	d6d8c560aa0b0974	c170bb94a98fc191	7202a0466aa91eb3	31573c74721fccc1	a397dc236e677b0d	a2a8f1b73822e328	c91943ff6b216177	4e87f5b045c5d267	b29386c482a9ba61	1270598c29b05279	1270598c29b05279	80cb539f3ab5db4c	beq bltz blt blt beq bnez bltz bltz	__eqdf2,__fixdfdi,__gedf2,__ledf2,floor		4		
BAND	opArith	RR	arith	2.0	15	756e19f516c787cd	906c80965a18d849	040ec2b94993e689	4f1c1a5571811e5e	ed8e4d8c6c6cd44f	1a56b5b0b967114f	7b001206e5f16bcf	d55f9cc7a06ca105	945ce191210bce72	40f79d772193881f	a3fae5791c9e5c35	a3fae5791c9e5c35	fc5fb62c7d7013a8	beq beq beq beqz bgez bltz beq beqz bgez bltz	__eqdf2,__fixdfdi,__gedf2,__ledf2,floor		2		
BOR	opArith	RR	arith	2.0	15	6d09494267ffb981	906c80965a18d849	040ec2b94993e689	4f1c1a5571811e5e	ed8e4d8c6c6cd44f	1a56b5b0b967114f	7b001206e5f16bcf	d55f9cc7a06ca105	945ce191210bce72	40f79d772193881f	a3fae5791c9e5c35	a3fae5791c9e5c35	fc5fb62c7d7013a8	beq beq beq beqz bgez bltz beq beqz bgez bltz	__eqdf2,__fixdfdi,__gedf2,__ledf2,floor		2		
BXOR	opArith	RR	arith	2.0	15	18fd2abb3c8c714c	906c80965a18d849	040ec2b94993e689	4f1c1a5571811e5e	ed8e4d8c6c6cd44f	1a56b5b0b967114f	7b001206e5f16bcf	d55f9cc7a06ca105	945ce191210bce72	40f79d772193881f	a3fae5791c9e5c35	a3fae5791c9e5c35	fc5fb62c7d7013a8	beq beq beq beqz bgez bltz beq beqz bgez bltz	__eqdf2,__fixdfdi,__gedf2,__ledf2,floor		2		
SHL	opArith	RR/shift			27	bcc02e73b38ee26a	bca7ca109e978ba6	1ad1eca403464804	1a4d9797537d0380	5985a89ff08711e9	ac87b7e98de957d8	09f8e0dab4b0c464	eca61af538611374	c97391cd2465d903	4ff7c865827757b3	f404e2d4ec98253c	f404e2d4ec98253c	9c305e7390ef1d7c	beq beq bltz blt blt beq beqz bgez bltz beq beqz bgez bltz	__eqdf2,__fixdfdi,__gedf2,__ledf2,floor		5		
SHR	opArith	RR/shift			27	b39222de44347b67	809edae91ccf23da	78e8e93be50d613b	05a64d5eb9df918c	e95c6fb5c20981d0	ac87b7e98de957d8	09f8e0dab4b0c464	eca61af538611374	c97391cd2465d903	f511af377a6af6fc	f404e2d4ec98253c	f404e2d4ec98253c	9c305e7390ef1d7c	beq beq bltz blt blt beq beqz bgez bltz beq beqz bgez bltz	__eqdf2,__fixdfdi,__gedf2,__ledf2,floor		5		
BNOT	setR:δ	unary-num	bnot	53.0	5	39bba700cd7e85c8	88be005beee4ab98	6e6f5ef1b015aede	a690a938948dd662	3e63772aec072264	4afd0f58df27427f	288d3d9d49a2111c	841354042df197db	a73a830caecbd4c2	7eac760b14449128	d77f8c39295144ea	d77f8c39295144ea	c15e40919d734f3e	beq beq bnez bltz bgez	__eqdf2,__fixdfdi,__gedf2,__ledf2,floor	luaT_trybinTM	1		luaT_trybinTM
